{"2.250103235244751": 1, "3.5446410179138184": 1, "4.764379262924194": 1, "5.950207948684692": 1, "7.166954278945923": 1, "8.377716779708862": 1}